{"cameraMode":{"drawMode":0,"name":"Shaded","section":"Shading Mode"},"sceneLighting":true,"audioPlay":false,"sceneViewState":{"showFog":true,"showMaterialUpdate":false,"showSkybox":true,"showFlares":true,"showImageEffects":true,"showParticleSystems":true},"in2DMode":false,"pivot":{"x":-0.16289657354354859,"y":-0.13412968814373017,"z":-0.3704945147037506},"rotation":{"x":-0.236535906791687,"y":0.009323456324636937,"z":-0.0022693658247590067,"w":-0.9715785980224609},"size":16.727569580078126,"orthographic":false}